Workbook

Sheet Customer_Data
A1: Customer_ID | B1: Gender | C1: Senior_Citizen | D1: Partner | E1: Dependents | F1: Tenure_Months | G1: Contract | H1: Internet_Service | I1: Payment_Method | J1: Monthly_Charges | K1: Total_Charges | L1: Churn | M1: Tenure Group
A2: CUST0001 | B2: Male | C2: No | D2: No | E2: Yes | F2: 56 | G2: One year | H2: Fiber optic | I2: Mailed check | J2: 58.41 | K2: 3292.87 | L2: No | M2: =IF(F2=0,"Just signed",IF(F2<=12,"Up to 1 year",IF(F2<=24,"1 to 2 years",IF(F2<=36,"2 to 3 years",IF(F2<=48,"3 to 4 years",IF(F2<=60,"4 to 5 years","5 to 6 years")))))) -> 4 to 5 years
A3: CUST0002 | B3: Female | C3: No | D3: No | E3: Yes | F3: 71 | G3: Month-to-month | H3: No | I3: Electronic check | J3: 85.7 | K3: 5869.62 | L3: No | M3: =IF(F3=0,"Just signed",IF(F3<=12,"Up to 1 year",IF(F3<=24,"1 to 2 years",IF(F3<=36,"2 to 3 years",IF(F3<=48,"3 to 4 years",IF(F3<=60,"4 to 5 years","5 to 6 years")))))) -> 5 to 6 years
A4: CUST0003 | B4: Male | C4: No | D4: No | E4: No | F4: 6 | G4: Two year | H4: Fiber optic | I4: Bank transfer | J4: 49.77 | K4: 250.5 | L4: No | M4: =IF(F4=0,"Just signed",IF(F4<=12,"Up to 1 year",IF(F4<=24,"1 to 2 years",IF(F4<=36,"2 to 3 years",IF(F4<=48,"3 to 4 years",IF(F4<=60,"4 to 5 years","5 to 6 years")))))) -> Up to 1 year
A5: CUST0004 | B5: Male | C5: No | D5: No | E5: Yes | F5: 55 | G5: Month-to-month | H5: Fiber optic | I5: Bank transfer | J5: 55.91 | K5: 3118.56 | L5: No | M5: =IF(F5=0,"Just signed",IF(F5<=12,"Up to 1 year",IF(F5<=24,"1 to 2 years",IF(F5<=36,"2 to 3 years",IF(F5<=48,"3 to 4 years",IF(F5<=60,"4 to 5 years","5 to 6 years")))))) -> 4 to 5 years
A6: CUST0005 | B6: Male | C6: No | D6: Yes | E6: Yes | F6: 66 | G6: Month-to-month | H6: No | I6: Bank transfer | J6: 21.69 | K6: 1521.16 | L6: No | M6: =IF(F6=0,"Just signed",IF(F6<=12,"Up to 1 year",IF(F6<=24,"1 to 2 years",IF(F6<=36,"2 to 3 years",IF(F6<=48,"3 to 4 years",IF(F6<=60,"4 to 5 years","5 to 6 years")))))) -> 5 to 6 years
A7: CUST0006 | B7: Female | C7: No | D7: Yes | E7: No | F7: 15 | G7: Month-to-month | H7: Fiber optic | I7: Electronic check | J7: 77.73 | K7: 1203.77 | L7: No | M7: =IF(F7=0,"Just signed",IF(F7<=12,"Up to 1 year",IF(F7<=24,"1 to 2 years",IF(F7<=36,"2 to 3 years",IF(F7<=48,"3 to 4 years",IF(F7<=60,"4 to 5 years","5 to 6 years")))))) -> 1 to 2 years
A8: CUST0007 | B8: Male | C8: No | D8: No | E8: No | F8: 50 | G8: One year | H8: Fiber optic | I8: Mailed check | J8: 127.14 | K8: 6245.77 | L8: No | M8: =IF(F8=0,"Just signed",IF(F8<=12,"Up to 1 year",IF(F8<=24,"1 to 2 years",IF(F8<=36,"2 to 3 years",IF(F8<=48,"3 to 4 years",IF(F8<=60,"4 to 5 years","5 to 6 years")))))) -> 4 to 5 years
A9: CUST0008 | B9: Male | C9: No | D9: Yes | E9: No | F9: 71 | G9: Month-to-month | H9: Fiber optic | I9: Electronic check | J9: 76.68 | K9: 5526.91 | L9: No | M9: =IF(F9=0,"Just signed",IF(F9<=12,"Up to 1 year",IF(F9<=24,"1 to 2 years",IF(F9<=36,"2 to 3 years",IF(F9<=48,"3 to 4 years",IF(F9<=60,"4 to 5 years","5 to 6 years")))))) -> 5 to 6 years
A10: CUST0009 | B10: Male | C10: No | D10: No | E10: Yes | F10: 11 | G10: Month-to-month | H10: Fiber optic | I10: Bank transfer | J10: 81.67 | K10: 807.24 | L10: Yes | M10: =IF(F10=0,"Just signed",IF(F10<=12,"Up to 1 year",IF(F10<=24,"1 to 2 years",IF(F10<=36,"2 to 3 years",IF(F10<=48,"3 to 4 years",IF(F10<=60,"4 to 5 years","5 to 6 years")))))) -> Up to 1 year
A11: CUST0010 | B11: Female | C11: No | D11: Yes | E11: No | F11: 52 | G11: Two year | H11: DSL | I11: Electronic check | J11: 50.11 | K11: 2654.86 | L11: No | M11: =IF(F11=0,"Just signed",IF(F11<=12,"Up to 1 year",IF(F11<=24,"1 to 2 years",IF(F11<=36,"2 to 3 years",IF(F11<=48,"3 to 4 years",IF(F11<=60,"4 to 5 years","5 to 6 years")))))) -> 4 to 5 years
A12: CUST0011 | B12: Male | C12: No | D12: No | E12: Yes | F12: 4 | G12: Month-to-month | H12: Fiber optic | I12: Credit card | J12: 78.46 | K12: 225.37 | L12: Yes | M12: =IF(F12=0,"Just signed",IF(F12<=12,"Up to 1 year",IF(F12<=24,"1 to 2 years",IF(F12<=36,"2 to 3 years",IF(F12<=48,"3 to 4 years",IF(F12<=60,"4 to 5 years","5 to 6 years")))))) -> Up to 1 year
A13: CUST0012 | B13: Male | C13: No | D13: No | E13: Yes | F13: 26 | G13: Month-to-month | H13: Fiber optic | I13: Bank transfer | J13: 110.73 | K13: 2817.12 | L13: No | M13: =IF(F13=0,"Just signed",IF(F13<=12,"Up to 1 year",IF(F13<=24,"1 to 2 years",IF(F13<=36,"2 to 3 years",IF(F13<=48,"3 to 4 years",IF(F13<=60,"4 to 5 years","5 to 6 years")))))) -> 2 to 3 years
... A1001: CUST1000 | B1001: Male | C1001: No | D1001: No | E1001: No | F1001: 67 | G1001: Month-to-month | H1001: Fiber optic | I1001: Mailed check | J1001: 90.94 | K1001: 6115.53 | L1001: No | M1001: =IF(F1001=0,"Just signed",IF(F1001<=12,"Up to 1 year",IF(F1001<=24,"1 to 2 years",IF(F1001<=36,"2 to 3 years",IF(F1001<=48,"3 to 4 years",IF(F1001<=60,"4 to 5 years","5 to 6 years")))))) -> 5 to 6 years

Sheet KPI_analysis
A1: KPI | B1: VALUE | D1: Contract | E1: Total Customers | F1: Churned Customers | H1: Churn Rate | J1: Contract | K1: Churned Customers
A2: Total Customers | B2: =COUNTA(Customer_Data!A2:A1001) -> 1000 | D2: Month-to-Month | E2: =COUNTIF(Customer_Data!G:G,D2) -> 561 | F2: =COUNTIFS(Customer_Data!G:G,D2,Customer_Data!L:L,"Yes") -> 157 | H2: =F2/E2 -> 0.2798574 | J2: Month-to-month | K2: 157
A3: Churned Customers | B3: =COUNTIF(Customer_Data!L2:L1001,"Yes") -> 212 | D3: One year | E3: =COUNTIF(Customer_Data!G:G,D3) -> 242 | F3: =COUNTIFS(Customer_Data!G:G,D3,Customer_Data!L:L,"Yes") -> 32 | H3: =F3/E3 -> 0.1322314 | J3: One year | K3: 32
A4: Churn Rate | B4: =B3/B2 -> 0.212 | D4: Two year | E4: =COUNTIF(Customer_Data!G:G,D4) -> 197 | F4: =COUNTIFS(Customer_Data!G:G,D4,Customer_Data!L:L,"Yes") -> 23 | H4: =F4/E4 -> 0.11675127 | J4: Two year | K4: 23
A5: Average Monthly Charges | B5: =AVERAGE(Customer_Data!J2:J1001) -> 73.61236
A6: Average Tenure | B6: =AVERAGE(Customer_Data!F2:F1001) -> 36.969

Sheet Sheet1
A1: Count of Customer_ID | B1: Churn | E1: Count of Customer_ID | F1: Churn | I1: Count of Customer_ID | J1: Churn | Q1: Count of Customer_ID | R1: Churn
A2: Contract | B2: No | C2: Yes | E2: Internet_Service | F2: No | G2: Yes | I2: Payment_Method | J2: No | K2: Yes | Q2: Senior_Citizen | R2: No | S2: Yes
A3: Month-to-month | B3: 404 | C3: 157 | E3: DSL | F3: 312 | G3: 66 | I3: Bank transfer | J3: 190 | K3: 44 | M3: Count of Customer_ID | N3: Churn | Q3: No | R3: 670 | S3: 165
A4: One year | B4: 210 | C4: 32 | E4: Fiber optic | F4: 361 | G4: 123 | I4: Credit card | J4: 163 | K4: 37 | M4: Tenure Group | N4: No | O4: Yes | Q4: Yes | R4: 118 | S4: 47
A5: Two year | B5: 174 | C5: 23 | E5: No | F5: 115 | G5: 23 | I5: Electronic check | J5: 258 | K5: 87 | M5: Just signed | N5: 9 | O5: 4
I6: Mailed check | J6: 177 | K6: 44 | M6: Up to 1 year | N6: 89 | O6: 66
M7: 1 to 2 years | N7: 110 | O7: 49
M8: 2 to 3 years | N8: 129 | O8: 25
M9: 3 to 4 years | N9: 135 | O9: 31
M10: 4 to 5 years | N10: 160 | O10: 28
M11: 5 to 6 years | N11: 156 | O11: 9

Sheet Dashboard
E1: CUSTOMER CHURN ANALYSIS DASHBOARD
A3: Total Customers 1,000 | D3: Churned Customers 212 | G3: Churn Rate 21.2% | J3: Avg Monthly Charges 73.61 | M3: Avg Tenure 36.97 months
